Genus,Aerotolerance,Aerotolerance_cat,Reference,Comments,Citation_link,Issue?
Acidicaldus,A,aerotolerant,"Johnson et al., 2006",,,
Acidiphilium,A,aerotolerant,Bergey's Manual,,,
Acidipila-Silvibacterium,OA,aerotolerant,Bergey's manual; same for both genera except spore formation is unknown for Acidipila but NSF for Silvibacterium,NA,,
Acidisoma,OA,aerotolerant,Bergey's Manual,,,
Acidisphaera,OA/A,aerotolerant,Bergey's manual,NA,,
Acidobacterium,OA,aerotolerant,Bergey's Manual,NA,,
Acidothermus,OA,aerotolerant,Bergey's Manual,,,
Acinetobacter,A,aerotolerant,Bergey's Manual,,,
Actinomyces,FAN,aerotolerant,Bergey's Manual,,,
Actinomycetospora,A,aerotolerant,Bergey's Manual,,,
Actinophytocola,A,aerotolerant,Bergey's manual (based on family),,,
Actinoplanes,A,aerotolerant,Bergey's Manual,,,
Adhaeribacter,OA,aerotolerant,Bergey's Manual,NA,,
Aequorivita,A,aerotolerant,Bergey's Manual,,,
Aeromicrobium,A,aerotolerant,Bergey's Manual,,,
Aetherobacter,A,aerotolerant,Garcia et al.,,,
Afipia,A,aerotolerant,NA,,,
Agrococcus,A/MA,aerotolerant,Bergey's Manual,,,
Ahrensia,A,aerotolerant,Bergey's Manual,,,
Alcanivorax,A/MA,aerotolerant,Bergey's Manual,NA,,
Algibacter,FAN,aerotolerant,Bergey's Manual,NA,,
Algoriphagus,A,aerotolerant,Bergey's Manual,,,
Alicyclobacillus,A,aerotolerant,Bergey's Manual,NA,,
Alkanindiges,A/FAN,aerotolerant,Bergey's manual (based on family),,,
Allorhizobium-Neorhizobium-Pararhizobium-Rhizobium,A,aerotolerant,Bergey's Manual based on Rhizobium and Allorhizobium,,,
alphaI cluster,A,aerotolerant,Bergey's Manual,Based on Beijerinckiaceae,,
Alpinimonas,A/MA,aerotolerant,Bergey's Manual,NA,,
Altererythrobacter,OA,aerotolerant,"Yoon et al., 2019",,https://academic.oup.com/femsle/article/366/11/fnz131/5519857,
Amaricoccus,A,aerotolerant,Bergey's Manual,,,
Aminobacter,A,aerotolerant,Bergey's Manual,,,
Ammoniphilus,A,aerotolerant,Bergey's Manual,,,
Angustibacter,FAN/A,aerotolerant,Bergey's Manual,,,
Antricoccus,A,aerotolerant,Bergey's manual (based on family),,,
Aquabacterium,MA,aerotolerant,Bergey's Manual,NA,,
Aquamicrobium,OA,aerotolerant,"Bergey's Manual; Jin et al., 2013",,https://www.microbiologyresearch.org/content/journal/ijsem/10.1099/ijs.0.048561-0,
Aquicella,OA,aerotolerant,Bergey's manual,NA,,
Aquisphaera,A,aerotolerant,Bergey's Manual,,,
Arcobacter,MA/A,aerotolerant,Bergey's Manual,NA,,
Arenibacter,A,aerotolerant,Bergey's Manual,,,
Arsenicitalea,A,aerotolerant,"Mu et al., 2016",,https://www.microbiologyresearch.org/content/journal/ijsem/10.1099/ijsem.0.001543,
Arthrobacter,A,aerotolerant,Bergey's Manual,,,
Aurantiacicella,A/MA/AN,aerotolerant,Bergey's manual (based on family),,,
Aureimonas,A,aerotolerant,Bergey's Manual (based on Rhizobiaceae),,,
Avibacterium,FAN/MA/A,aerotolerant,Bergey's Manual,NA,,
Bacillus,A/FA,aerotolerant,Bergey's Manual,,,
Bdellovibrio,A,aerotolerant,Bergey's Manual,,,
Belnapia,A,aerotolerant,Bergey's Manual,Based on Acetobacteraceae,,
Bergeyella,OA,aerotolerant,Bergey's Manual,NA,,
Bizionia,OA,aerotolerant,Bergey's manual,NA,,
Blastocatella,A,aerotolerant,Bergey's Manual,,,
Blastococcus,A,aerotolerant,Bergey's Manual,,,
Blastopirellula,OA,aerotolerant,Bergey's Manual,,,
Bogoriella,A/MA,aerotolerant,Bergey's manual,NA,,
Bosea,A,aerotolerant,Bergey's Manual,,,
Brachybacterium,A,aerotolerant,Bergey's Manual,,,
Bradymonas,FAN,aerotolerant,"Wang et al., 2015",,https://pubmed.ncbi.nlm.nih.gov/25713043/,
Bradyrhizobium,A,aerotolerant,Bergey's Manual,,,
Brevibacterium,A,aerotolerant,Bergey's Manual,,,
Brevundimonas,A,aerotolerant,Bergey's Manual,,,
Breznakia,A/FAN,aerotolerant,Bergey's Manual,Based on Erysipelatoclostridiaceae,,
Brooklawnia,FAN,aerotolerant,Bergey's Manual,NA,,
Brumimicrobium,FAN,aerotolerant,Bergey's Manual,NA,,
Bryobacter,OA,aerotolerant,Bergey's Manual,,,
Bryocella,OA,aerotolerant,Bergey's Manual,NA,,
Burkholderia-Caballeronia-Paraburkholderia,OA/FAN,aerotolerant,Bergey's Manual,Based on Burkholderiaceae,,
Bythopirellula,A/MA/AN,aerotolerant,Bergey's Manual,Based on Pirellulaceae,,
Candidatus Nostocoida,A,aerotolerant,Bergey's manual (based on family),,,
Candidatus Udaeobacter,A,aerotolerant,Bergey's Manual (based on Chthoniobacteraceae),,,
Candidimonas,A/FA,aerotolerant,Bergey's Manual,,,
Carnobacterium,FA,aerotolerant,Bergey's Manual,,,
Caryophanon,OA,aerotolerant,Bergey's manual,NA,,
Catellicoccus,FAN,aerotolerant,"Lawson et al., 2006",,https://www.microbiologyresearch.org/content/journal/ijsem/10.1099/ijs.0.63874-0,
Caulobacter,A,aerotolerant,Bergey's Manual,,,
Cellvibrio,A,aerotolerant,Bergey's Manual,,,
Cetobacterium,MA,aerotolerant,Bergey's Manual,,,
Chromohalobacter,OA/FAN,aerotolerant,Bergey's Manual,,,
Chryseobacterium,A,aerotolerant,Bergey's Manual,,,
Chthoniobacter,A,aerotolerant,Bergey's Manual,NA,,
Chujaibacter,A,aerotolerant,"Kim et al., 2015",,https://link.springer.com/article/10.1007/s12275-015-5136-y,
Clostridioides,OAN/FAN,aerotolerant,Bergey's Manual (based on family),,,
Cobetia,OA,aerotolerant,Bergey's Manual,NA,,
Cohnella,A,aerotolerant,Bergey's manual,NA,,
Comamonas,A,aerotolerant,Bergey's Manual,,,
Conexibacter,A,aerotolerant,Bergey's Manual,,,
Corticibacterium,A,aerotolerant,Bergey's Manual (based on Rhizobiaceae),,,
Corynebacterium,A/FA,aerotolerant,Bergey's Manual,,,
Crocinitomix,OA,aerotolerant,Bergey's Manual,NA,,
Crossiella,A,aerotolerant,Bergey's manual (based on family),,,
Cryomorpha,OA,aerotolerant,Bergey's Manual,NA,,
Curtobacterium,A,aerotolerant,Bergey's Manual,,,
Cyclobacterium,OA,aerotolerant,Bergey's Manual,NA,,
Cytophaga,A,aerotolerant,Bergey's manual,NA,,
Deinococcus,A,aerotolerant,Bergey's manual,NA,,
Demequina,OA,aerotolerant,"Yi et al., 2007",,https://www.microbiologyresearch.org/content/journal/ijsem/10.1099/ijs.0.64525-0,
Devosia,A,aerotolerant,Bergey's Manual,,,
Dietzia,A,aerotolerant,Bergey's Manual,,,
Dokdonella,A,aerotolerant,"Lee et al., 2014",,https://www.ncbi.nlm.nih.gov/pmc/articles/PMC4211348/,
Duganella,A,aerotolerant,Bergey's Manual,,,
Edaphobacter,A,aerotolerant,Bergey's Manual,,,
Edwardsiella,FAN,aerotolerant,Bergey's Manual,,,
Enterococcus,FA,aerotolerant,Bergey's Manual,,,
Eoetvoesia,A,aerotolerant,Bergey's Manual based on Alcaligenaceae,,,
Epulopiscium,AN,aerotolerant,Bergey's Manual (based on Lachnospiraceae All species are anaerobes.),,,TRUE
Erwinia,FAN,aerotolerant,Bergey's Manual,,,
Erysipelothrix,FAN,aerotolerant,Bergey's manual,NA,,
Escherichia-Shigella,A/FA,aerotolerant,Bergey's Manual (based on Escherichia),,,
Exiguobacterium,FAN,aerotolerant,Bergey's Manual,,,
Falsibacillus,A,aerotolerant,"Shi et al., 2019; Zhou et al., 2009",,https://pubmed.ncbi.nlm.nih.gov/30839250/; https://www.microbiologyresearch.org/content/journal/ijsem/10.1099/ijs.0.014316-0,
Falsirhodobacter,OA/FAN,aerotolerant,Bergey's Manual (based on Rhodobacteraceae),,,
Fastidiosipila,AN,aerotolerant,Bergey's manual,NA,,
Ferruginibacter,A,aerotolerant,Lim et al. 2009,,,
Fimbriiglobus,OA,aerotolerant,Bergey's Manual,,,
Flavobacterium,A,aerotolerant,Bergey's Manual,,,
Flexivirga,A/MA,aerotolerant,Bergey's manual (based on family),,,
Fluviicola,OA,aerotolerant,Bergey's Manual,,,
Friedmanniella,OA,aerotolerant,Bergey's Manual,,,
Frigoribacterium,A,aerotolerant,Bergey's Manual,,,
Gaiella,A,aerotolerant,Bergey's Manual,,,
Gelidibacter,OA,aerotolerant,Bergey's Manual,,,
Gemmatimonas,A,aerotolerant,Bergey's Manual,,,
Gillisia,OA,aerotolerant,Bergey's Manual,,,
Globicatella,FAN,aerotolerant,Bergey's manual,NA,,
Glutamicibacter,A,aerotolerant,Bergey's Manual,,,
Gordonia,A,aerotolerant,Bergey's Manual,,,
Gramella,OA,aerotolerant,Bergey's Manual,NA,,
Granulicella,OA,aerotolerant,Bergey's Manual,NA,,
Halomonas,OA/FAN,aerotolerant,Bergey's Manual,,,
Hansschlegelia,OA,aerotolerant,Bergey's Manual,NA,,
Helcobacillus,A/FAN,aerotolerant,"Bergey's manual (based on family); Renvoise et al., 2009",,https://www.microbiologyresearch.org/content/journal/ijsem/10.1099/ijs.0.003319-0,
Helicobacter,MA,aerotolerant,Bergey's Manual,,,
Herbiconiux,OA,aerotolerant,Bergey's Manual,NA,,
Herminiimonas,OA,aerotolerant,Bergey's Manual,NA,,
hgcI clade,A/FAN,aerotolerant,Bergey's Manual,Based on Sporichthyaceae,,
Hoeflea,A,aerotolerant,Bergey's Manual (based on Rhizobiaceae),,,
HSB OF53-F07,A,aerotolerant,Bergey's manual (based on family),,,
Humibacillus,A,aerotolerant,Bergey's Manual,,,
Humibacter,OA,aerotolerant,Bergey's Manual,NA,,
Hymenobacter,A,aerotolerant,Bergey's manual,NA,,
Hyphomicrobium,A,aerotolerant,Bergey's Manual,,,
Iamia,A,aerotolerant,Bergey's Manual,,,
Ignatzschineria,A,aerotolerant,"Do et al., 2021",,https://www.ncbi.nlm.nih.gov/pmc/articles/PMC8181187/,
Ilumatobacter,A,aerotolerant,"Matsumoto et al., 2009",,https://www.jstage.jst.go.jp/article/jgam/55/3/55_3_201/_article,
Intrasporangium,A,aerotolerant,Bergey's Manual,,,
Isosphaera,OA,aerotolerant,Bergey's Manual,,,
Janthinobacterium,A,aerotolerant,Bergey's Manual,,,
Jatrophihabitans,A,aerotolerant,Bergey's Manual,,,
Jeotgalicoccus,FAN,aerotolerant,Bergey's Manual,,,
JG30a-KF-32,A,aerotolerant,Bergey's Manual,Based on Ktedonobacteraceae,,
Kaistia,A,aerotolerant,"Im et al., 2004",,https://www.jstage.jst.go.jp/article/jgam/50/5/50_5_249/_article,
Knoellia,A/MA,aerotolerant,Bergey's Manual,,,
Lactococcus,FA,aerotolerant,Bergey's Manual,,,
Legionella,A,aerotolerant,Bergey's Manual,,,
Leucobacter,A,aerotolerant,"Bergey's Manual; Clark & Hodgkin, 2015",,https://www.ncbi.nlm.nih.gov/pmc/articles/PMC4804768/,
Leuconostoc,FAN,aerotolerant,"Bergey's Manual; Menegueti et al., 2018",,https://bmcinfectdis.biomedcentral.com/articles/10.1186/s12879-018-3452-7,
Ligilactobacillus,A/FAN,aerotolerant,"Aerotolerance mixed based on Marta et al., 2021; Zheng et al., 2020 - so BLASTed ASVs; blasts to Ligilactobacillus murinus and Ligilactobacillus animalis which are aerotolerant refs: https://bacdive.dsmz.de/strain/130961#ref22253, https://bacdive.dsmz.de/strain/6416",,,TRUE
Limnobacter,OA/FAN,aerotolerant,Bergey's manual,Based on Burkholderiaceae,,
Limnohabitans,A/FAN,aerotolerant,Bergey's Manual,,,
Longivirga,A/FAN,aerotolerant,Bergey's manual (based on family),,,
Luteibacter,A,aerotolerant,"Johansen et al., 2005",,https://pubmed.ncbi.nlm.nih.gov/16280484/,
Luteimicrobium,A/FAN,aerotolerant,Bergey's Manual,NA,,
Luteimonas,A,aerotolerant,Bergey's Manual,,,
Luteolibacter,OA/FAN,aerotolerant,Bergey's manual (based on family),,,
Lysinibacillus,A,aerotolerant,Bergey's Manual,,,
Lysinimonas,A,aerotolerant,Bergey's Manual,,,
Lysobacter,A,aerotolerant,Bergey's Manual,,,
Marinicella,A,aerotolerant,Bergey's Manual,NA,,
Marinobacter,AN,aerotolerant,Bergey's Manual,,,
Marinomonas,A,aerotolerant,Bergey's Manual,NA,,
Marinospirillum,OA,aerotolerant,Bergey's Manual,NA,,
Marmoricola,A,aerotolerant,Bergey's Manual,,,
Massilia,A,aerotolerant,Bergey's Manual,,,
Mesonia,OA,aerotolerant,Bergey's Manual,NA,,
Mesorhizobium,A,aerotolerant,Bergey's Manual,,,
Methylobacterium-Methylorubrum,A,aerotolerant,Bergey's Manual (based on Methylobacterium),,,
Methylovirgula,A,aerotolerant,Bergey's Manual,NA,,
Microbacterium,A,aerotolerant,Bergey's Manual,,,
Microlunatus,A,aerotolerant,Bergey's Manual,,,
Microvirga,A,aerotolerant,Kanso & Patel 2003,Not in Bergey's,,
Morganella,FA,aerotolerant,Bergey's Manual,,,
Mycobacterium,A/MA,aerotolerant,Bergey's Manual,,,
Myroides,A,aerotolerant,Bergey's Manual,,,
Nakamurella,A,aerotolerant,Bergey's Manual,,,
Nitrococcus,A,aerotolerant,Bergey's Manual,NA,,
Nitrolancea,A,aerotolerant,Bergey's Manual,NA,,
Nitrospira,A,aerotolerant,Bergey's Manual,,,
Nocardioides,A,aerotolerant,Bergey's Manual,,,
Nocardiopsis,A,aerotolerant,Bergey's Manual,,,
Nonomuraea,A,aerotolerant,Bergey's manual,NA,,
Noviherbaspirillum,AN/A,aerotolerant,Bergey's manual (based on family),,,
Novosphingobium,A,aerotolerant,Bergey's manual,,,
Occallatibacter,OA,aerotolerant,Bergey's Manual,NA,,
Oceaniovalibus,OA/FAN,aerotolerant,Bergey's Manual (based on Rhodobacteraceae),,,
Oceanisphaera,FAN,aerotolerant,Bergey's Manual based on Aeromonadaceae,,,
Oceanivirga,FAN/A,aerotolerant,Bergey's Manual,NA,,
Ochrobactrum,A,aerotolerant,Bergey's Manual,,,
Oerskovia,A/FA,aerotolerant,Bergey's Manual,,,
OLB17,A,aerotolerant,Bergey's Manual,Based on Blastocatellaceae,,
Oleiagrimonas,A,aerotolerant,"Yang et al., 2017",,https://www.microbiologyresearch.org/content/journal/ijsem/10.1099/ijsem.0.001846,
Oryzihumus,A,aerotolerant,Bergey's Manual,,,
Paenalcaligenes,A,aerotolerant,Bergey's Manual,,,
Paenibacillus,FA/A,aerotolerant,Bergey's Manual,,,
Paeniclostridium,OAN/FAN,aerotolerant,Bergey's Manual (based on family),,,TRUE
Paeniglutamicibacter,A/FA,aerotolerant,Bergey's Manual,,,
Paenisporosarcina,A,aerotolerant,Krishnamurthi et al. 2009,not in Bergey's,,
Paenochrobactrum,A,aerotolerant,Bergey's Manual,,,
Paludisphaera,A,aerotolerant,Bergey's Manual,,,
Pantoea,FA,aerotolerant,Bergey's Manual,,,
Paracoccus,A,aerotolerant,Bergey's Manual,,,
Parafrigoribacterium,A/MA/FAN,aerotolerant,Bergey's manual (based on family),,,
Paraperlucidibaca,AN/FAN,aerotolerant,Bergey's Manual,NA,,
Parapusillimonas,FAN,aerotolerant,Bergey's Manual,NA,,
Parviterribacter,A,aerotolerant,"Foesel et al., 2016",not in Bergey's,https://www.microbiologyresearch.org/content/journal/ijsem/10.1099/ijsem.0.000770,
Patulibacter,A,aerotolerant,Bergey's Manual,,,
Pedobacter,A,aerotolerant,Bergey's Manual,,,
Persicitalea,OA,aerotolerant,"Yoon et al., 2007",,https://pubmed.ncbi.nlm.nih.gov/17473250/,
Phenylobacterium,OA,aerotolerant,Bergey's Manual,,,
Photobacterium,FAN,aerotolerant,Bergey's Manual,NA,,
Pir4 lineage,A/MA/AN,aerotolerant,Bergey's Manual,Based on Pirellulaceae,,
Pirellula,OA,aerotolerant,Bergey's Manual,,,
Planctomicrobium,A,aerotolerant,"Kulichevskaya et al., 2015",,https://www.microbiologyresearch.org/content/journal/ijsem/10.1099/ijs.0.000154,
Planomicrobium,A,aerotolerant,Bergey's Manual,,,
Plantibacter,OA,aerotolerant,Bergey's Manual,,,
Plastorhodobacter,OA/FAN,aerotolerant,Bergey's Manual (based on Rhodobacteraceae),,,
Polaromonas,A,aerotolerant,Bergey's Manual,,,
Pontibacter,OA,aerotolerant,Bergey's manual,NA,,
Providencia,FA,aerotolerant,Bergey's Manual,,,
Pseudaminobacter,A,aerotolerant,Bergey's Manual,,,
Pseudarthrobacter,A,aerotolerant,Bergey's Manual,,,
Pseudoalteromonas,OA,aerotolerant,Bergey's Manual,NA,,
Pseudoclavibacter,OA,aerotolerant,Bergey's Manual,,,
Pseudolabrys,A,aerotolerant,"KŠmpfer et al., 2006",,https://www.microbiologyresearch.org/content/journal/ijsem/10.1099/ijs.0.64124-0,
Pseudomonas,A,aerotolerant,Bergey's Manual,,,
Pseudonocardia,A,aerotolerant,Bergey's Manual,,,
Pseudorhodobacter,OA/FAN,aerotolerant,Bergey's Manual (based on Rhodobacteraceae),,,
Pseudoxanthomonas,A,aerotolerant,Bergey's Manual,,,
Psychrobacillus,OA/FAN,aerotolerant,Bergey's manual (based on family),,,
Psychrobacter,A,aerotolerant,Bergey's Manual,,,
Psychroglaciecola,A,aerotolerant,Bergey's Manual,Based on Beijerinckiaceae,,
Qipengyuania, FA,aerotolerant,"Feng et al., 2015",,https://pubmed.ncbi.nlm.nih.gov/26220187/,
Rahnella,FAN,aerotolerant,Bergey's Manual,,,
Ralstonia,A,aerotolerant,Bergey's Manual,NA,,
Reyranella,A,aerotolerant,"Lee et al., 2017",,https://www.microbiologyresearch.org/content/journal/ijsem/10.1099/ijsem.0.001913,
Rhizobacter,A/FAN,aerotolerant,Bergey's manual,NA,,
Rhodanobacter,A,aerotolerant,Bergey's Manual,,,
Rhodobacter,FAN,aerotolerant,"Bergey's Manual; Imam et al., 2011",,https://bmcsystbiol.biomedcentral.com/articles/10.1186/1752-0509-5-116,
Rhodococcus,A,aerotolerant,Bergey's Manual,,,
Rhodopirellula,OA,aerotolerant,Bergey's Manual,,,
Rhodoplanes,A,aerotolerant,Bergey's Manual,,,
Rhodopseudomonas,A,aerotolerant,Bergey's Manual,,,
Rhodovastum,A,aerotolerant,Bergey's Manual (The family Acetobacteraceae the Gram-negative aerobic acetic acid bacteria ),,,
Risungbinella,A,aerotolerant,Bergey's manual (based on family),,,
Roseiarcus,MA,aerotolerant,"Kulichevskaya et al., 2014",,https://pubmed.ncbi.nlm.nih.gov/24812364/,
Roseivirga,OA,aerotolerant,Bergey's Manual,NA,,
Roseococcus,OA,aerotolerant,Bergey's Manual,NA,,
Roseomonas,A,aerotolerant,Bergey's Manual,,,
Roseovarius,A,aerotolerant,Bergey's Manual,,,
Rothia,A/MA/FAN,aerotolerant,Bergey's Manual,Based on Microbacteriaceae,,
Rubritalea,OA/FAN,aerotolerant,Bergey's Manual,NA,,
Rubrivirga,OA/FAN,aerotolerant,Bergey's Manual (based on Rhodobacteraceae),,,
Salinibacterium,A,aerotolerant,Bergey's Manual,NA,,
Salinicola,A/FAN,aerotolerant,Bergey's Manual,,,
Salinisphaera,OA/FAN,aerotolerant,Bergey's Manual,,,
Sanguibacter-Flavimobilis,FAN,aerotolerant,"Bergey's Manual based on Sanguibacter; Cai et al., 2021","Beyond Bergey's, based on Flavimobilis",https://www.microbiologyresearch.org/content/journal/ijsem/10.1099/ijsem.0.004829,
Segetibacter,A/FAN,aerotolerant,Bergey's Manual (based on Chitinophagaceae),,,
Shewanella,FAN,aerotolerant,Bergey's Manual,,,
Shinella,A,aerotolerant,Bergey's Manual (based on Rhizobiaceae),,,
Simplicispira,FAN,aerotolerant,"Bergey's manual (based on family); Siddiqi et al., 2019",,https://link.springer.com/article/10.1007/s10482-019-01341-0,
Singulisphaera,A,aerotolerant,Bergey's Manual,,,
Skermanella,FAN,aerotolerant,Bergey's Manual,,,
Solirubrobacter,A,aerotolerant,Bergey's Manual,,,
Spelaeicoccus,A,aerotolerant,"Lee, 2013",,https://www.microbiologyresearch.org/content/journal/ijsem/10.1099/ijs.0.050732-0,
Sphingobacterium,A,aerotolerant,Bergey's Manual,,,
Sphingobium,A,aerotolerant,Bergey's Manual (based on synonymous genus Sphingomonas) ,,,
Sphingomonas,A,aerotolerant,Bergey's Manual,,,
Sphingopyxis,A,aerotolerant,Bergey's Manual,,,
Spirosoma,OA/FAN,aerotolerant,Bergey's Manual,NA,,
Sporocytophaga,OA,aerotolerant,Bergey's Manual,NA,,
Sporosarcina,OA/FA,aerotolerant,Bergey's Manual,,,
Staphylococcus,FA,aerotolerant,Bergey's Manual,,,
Stenotrophomonas,A,aerotolerant,Bergey's Manual,,,
Streptococcus,FA,aerotolerant,Bergey's Manual,,,
Streptomyces,A,aerotolerant,Bergey's Manual,,,
Subgroup 10,AN,aerotolerant,Bergey's Manual,Listed to be 'neutrophilic anaerobic' but not said explicitly to be obligate anaerobes,,
Subsaxibacter,OA,aerotolerant,Bergey's Manual,,,
Subsaximicrobium,OA,aerotolerant,Bergey's Manual,NA,,
Subtercola,A,aerotolerant,Bergey's manual,NA,,
Sulfitobacter,OA,aerotolerant,Bergey's Manual,,,
Sutterella,MA/AN,aerotolerant,Bergey's Manual,,,
Suttonella,A/FAN,aerotolerant,Bergey's Manual,NA,,
Telmatobacter,FAN,aerotolerant,Bergey's Manual,NA,,
Tepidimicrobium,AN,aerotolerant,Bergey's Manual,"Said to be anaerobic but not 'obligate' specifically, so listing as aerotolerant",,
Terracidiphilus,A,aerotolerant,Bergey's Manual,NA,,
Terrisporobacter,OAN/FAN,aerotolerant,Bergey's Manual (based on family),,,
Tessaracoccus,FA,aerotolerant,Bergey's Manual,,,
Thermomonas,A,aerotolerant,Bergey's Manual,,,
Thermosporothrix,A,aerotolerant,Bergey's Manual,NA,,
Thioclava,OA/FAN,aerotolerant,Bergey's Manual (based on Rhodobacteraceae),,,
Tomitella,A,aerotolerant,"Katayama et al., 2010",,https://www.microbiologyresearch.org/content/journal/ijsem/10.1099/ijs.0.017962-0,
Truepera,A,aerotolerant,Bergey's Manual,,,
Tumebacillus,A,aerotolerant,Bergey's Manual (based on Alicyclobacillaceae),,,
Tundrisphaera,A,aerotolerant,Bergey's manual (based on family),,,
Turicibacter,AN,aerotolerant,Bergey's Manual,,,
Ulvibacter,OA,aerotolerant,Bergey's Manual,NA,,
Ureaplasma,FA,aerotolerant,Bergey's Manual,,,
Varibaculum,FAN,aerotolerant,Bergey's Manual,NA,,
Variovorax,A,aerotolerant,Bergey's Manual,,,
Veillonella,AN,aerotolerant,Bergey's Manual,,,
Vibrio,FAN,aerotolerant,Bergey's Manual,,,
Williamsia,A,aerotolerant,Bergey's Manual,,,
Wohlfahrtiimonas,OA,aerotolerant,"Kozyk et al., 2023",,https://onlinelibrary.wiley.com/doi/full/10.1002/ccr3.6972,
Xylophilus,A,aerotolerant,Bergey's Manual,NA,,
Yersinia,FAN,aerotolerant,Bergey's Manual,,,
ZOR0006,A/FAN,aerotolerant,Bergey's Manual based on Erysipelotrichaceae,,,
Abditibacterium,A,aerotolerant,"Tahon et al., 2018",,https://www.sciencedirect.com/science/article/abs/pii/S0723202018300341?via%3Dihub,
Aliidiomarina,A,aerotolerant,"Huang et al., 2012",NA,https://www.microbiologyresearch.org/content/journal/ijsem/10.1099/ijs.0.030064-0,
Alkanibacter,A,aerotolerant,"Friedrich & Lipski, 2008",NA,https://www.microbiologyresearch.org/content/journal/ijsem/10.1099/ijs.0.65517-0,
Anaeromyxobacter,FAN,aerotolerant,"Sanford et al., 2002",NA,https://www.ncbi.nlm.nih.gov/pmc/articles/PMC126698/,
Arachidicoccus,A/FAN,aerotolerant,"Madhaiyan et al., 2015",NA,https://www.microbiologyresearch.org/content/journal/ijsem/10.1099/ijs.0.069377-0,
Arcticibacter,OA,aerotolerant,"Prasad et al., 2013",NA,https://www.microbiologyresearch.org/content/journal/ijsem/10.1099/ijs.0.044420-0,
Asticcacaulis,A,aerotolerant,"Liu et al., 2005",NA,Asticcacaulis,
Aurantivirga,A,aerotolerant,"Song et al., 2015",NA,https://www.microbiologyresearch.org/content/journal/ijsem/10.1099/ijsem.0.000662,
Balneola,A,aerotolerant,"Urios et al., 2006",NA,https://www.microbiologyresearch.org/content/journal/ijsem/10.1099/ijs.0.64285-0,
Caenimonas,OA,aerotolerant,"Dahal et al., 2020",NA,https://link.springer.com/article/10.1007/s00203-020-02110-8,
Castellaniella,FAN,aerotolerant,"Liu et al., 2008",NA,https://www.microbiologyresearch.org/content/journal/ijsem/10.1099/ijs.0.65314-0,
Cereibacter,A,aerotolerant,"Liu et al., 2023",NA,https://www.microbiologyresearch.org/content/journal/ijsem/10.1099/ijsem.0.006051,
Changchengzhania,A,aerotolerant,"Wang et al., 2017",NA,https://www.microbiologyresearch.org/content/journal/ijsem/10.1099/ijsem.0.002439,
Chungangia,OA,aerotolerant,"Kim et al., 2012",NA,https://www.microbiologyresearch.org/content/journal/ijsem/10.1099/ijs.0.028837-0,
Confluentibacter,A,aerotolerant,"Han et al., 2017",NA,https://www.microbiologyresearch.org/content/journal/ijsem/10.1099/ijsem.0.002239,
Dyella,A,aerotolerant,"Xie & Yokota, 2005",NA,https://www.microbiologyresearch.org/content/journal/ijsem/10.1099/ijs.0.63377-0,
Edaphobaculum,OA,aerotolerant,"Cao et al., 2017",NA,https://www.microbiologyresearch.org/content/journal/ijsem/10.1099/ijsem.0.002316,
Flavimarina,A,aerotolerant,"Cho et al., 2017",NA,https://www.microbiologyresearch.org/content/journal/ijsem/10.1099/ijsem.0.002292,
Flavisolibacter,A,aerotolerant,"Lee et al., 2016",NA,https://www.microbiologyresearch.org/content/journal/ijsem/10.1099/ijsem.0.001207,
Flavitalea,OA,aerotolerant,"Liu et al., 2018",NA,https://link.springer.com/article/10.1007/s10482-018-1156-z,
Franconibacter,FAN,aerotolerant,"Gao et al., 2017",NA,https://www.microbiologyresearch.org/docserver/fulltext/ijsem/67/12/4962_ijsem002358.pdf?expires=1716543172&id=id&accname=guest&checksum=5F3549B88F3DF66134B8977058E51E1B,
Gilvimarinus,A,aerotolerant,"Du et al., 2009",NA,https://www.microbiologyresearch.org/content/journal/ijsem/10.1099/ijs.0.001313-0,
Halioglobus,OA,aerotolerant,"Park et al., 2012",NA,https://www.microbiologyresearch.org/content/journal/ijsem/10.1099/ijs.0.031443-0,
Halocynthiibacter,A,aerotolerant,"Baek et al., 2015",NA,https://www.microbiologyresearch.org/content/journal/ijsem/10.1099/ijsem.0.000507,
Hephaestia,A,aerotolerant,"Felfoldi et al., 2014",NA,https://www.microbiologyresearch.org/content/journal/ijsem/10.1099/ijs.0.053736-0,
Huakuichenia,A,aerotolerant,"Zhang et al., 2016",NA,https://www.microbiologyresearch.org/content/journal/ijsem/10.1099/ijsem.0.001531,
Lacticigenium,FAN,aerotolerant,"Iino et al., 2009",NA,https://www.microbiologyresearch.org/content/journal/ijsem/10.1099/ijs.0.003293-0,
Luteipulveratus,A,aerotolerant,"Ara et al., 2010",NA,https://www.microbiologyresearch.org/content/journal/ijsem/10.1099/ijs.0.009936-0,
Marimicrobium,OA,aerotolerant,"Konkit et al., 2016",NA,https://www.microbiologyresearch.org/content/journal/ijsem/10.1099/ijsem.0.000803,
Marinagarivorans,FAN,aerotolerant,"Guo et al., 2016",NA,https://www.microbiologyresearch.org/content/journal/ijsem/10.1099/ijsem.0.000925,
Marivirga,A,aerotolerant,"Lin et al., 2015",NA,https://www.microbiologyresearch.org/content/journal/ijsem/10.1099/ijs.0.000126,
Marixanthomonas,A,aerotolerant,"Romanenko et al., 2007",NA,https://www.microbiologyresearch.org/content/journal/ijsem/10.1099/ijs.0.64662-0,
Methylibium,FA,aerotolerant,"Nakatsu et al., 2006",NA,https://www.microbiologyresearch.org/content/journal/ijsem/10.1099/ijs.0.63524-0,
Mongoliicoccus,A,aerotolerant,"Liu et al., 2012",NA,https://www.microbiologyresearch.org/content/journal/ijsem/10.1099/ijs.0.035766-0,
Mucilaginibacter,FA,aerotolerant,"Pankratov et al., 2007",NA,https://www.microbiologyresearch.org/content/journal/ijsem/10.1099/ijs.0.65100-0,
Nitrospirillum,FAN,aerotolerant,"Chung et al., 2015",NA,https://link.springer.com/article/10.1007/s10482-015-0528-x,
Oricola,FAN,aerotolerant,"Yang et al., 2020",NA,https://www.microbiologyresearch.org/content/journal/ijsem/10.1099/ijsem.0.004574,
Parafilimonas,A/FAN,aerotolerant,"Kim et al., 2014",NA,https://www.microbiologyresearch.org/content/journal/ijsem/10.1099/ijs.0.061945-0,
Parvibaculum,A,aerotolerant,"Schleheck et al., 2004",NA,https://www.microbiologyresearch.org/content/journal/ijsem/10.1099/ijs.0.03020-0,
Piscinibacter,OA,aerotolerant,"Cho et al., 2016",NA,https://www.microbiologyresearch.org/content/journal/ijsem/10.1099/ijsem.0.001438,
Porphyromonas,AN/FAN,aerotolerant,"How et al., 2016",NA,https://www.ncbi.nlm.nih.gov/pmc/articles/PMC4746253/,
Pricia,A,aerotolerant,"Yu et al., 2012",NA,https://www.microbiologyresearch.org/content/journal/ijsem/10.1099/ijs.0.037515-0,
Profundibacterium,OA,aerotolerant,"Lai et al., 2013",NA,https://www.microbiologyresearch.org/content/journal/ijsem/10.1099/ijs.0.041525-0,
Pseudobacteriovorax,OA,aerotolerant,"McCauley et al., 2015",NA,https://www.microbiologyresearch.org/content/journal/ijsem/10.1099/ijs.0.066266-0,
Pseudobowmanella,FAN,aerotolerant,"Du et al., 2015",NA,https://link.springer.com/article/10.1007/s10482-014-0368-0,
Pseudohongiella,A,aerotolerant,"Park et al., 2014",NA,,
Pseudorhodoferax,A,aerotolerant,"Bergey's Manual; Bruland et al., 2009",Based on Comamonadaceae,https://www.microbiologyresearch.org/content/journal/ijsem/10.1099/ijs.0.006791-0,
Rhizorhapis,OA,aerotolerant,"Francis et al., 2014",NA,https://www.microbiologyresearch.org/content/journal/ijsem/10.1099/ijs.0.058909-0,
Roseisolibacter,A/MA,aerotolerant,"Pascual et al., 2018",NA,https://www.microbiologyresearch.org/content/journal/ijsem/10.1099/ijsem.0.002619,
Rudaea,A,aerotolerant,"Weon et al., 2009",NA,https://www.microbiologyresearch.org/content/journal/ijsem/10.1099/ijs.0.005165-0,
Rurimicrobium,A,aerotolerant,"Dahal et al., 2017",NA,https://www.microbiologyresearch.org/content/journal/ijsem/10.1099/ijsem.0.002452,
Sediminibacterium,A,aerotolerant,"Qu et al., 2008",NA,https://www.microbiologyresearch.org/content/journal/ijsem/10.1099/ijs.0.65514-0,
Sediminihabitans,FAN,aerotolerant,"Hamada et al., 2012",NA,https://link.springer.com/article/10.1007/s10482-012-9742-y,
Stakelama,A,aerotolerant,"Chen et al., 2022",NA,https://www.microbiologyresearch.org/content/journal/ijsem/10.1099/ijsem.0.005198,
Taibaiella,OA,aerotolerant,"Zhang et al., 2013",NA,https://pubmed.ncbi.nlm.nih.gov/23645023/,
Tateyamaria,FAN,aerotolerant,"Sass et al., 2010",NA,https://www.microbiologyresearch.org/content/journal/ijsem/10.1099/ijs.0.013524-0,
Thalassotalea,A,aerotolerant,"Yamano et al., 2023",NA,https://journals.plos.org/plosone/article?id=10.1371/journal.pone.0286693,
Thiopseudomonas,FAN,aerotolerant,"Tan et al., 2015",NA,https://www.microbiologyresearch.org/content/journal/ijsem/10.1099/ijs.0.064634-0,
Vicingus,OA/FAN,aerotolerant,"Wiese et al., 2018",NA,https://www.microbiologyresearch.org/content/journal/ijsem/10.1099/ijsem.0.002509,
Wenyingzhuangia,OA,aerotolerant,"Chen et al., 2016",NA,https://www.microbiologyresearch.org/content/journal/ijsem/10.1099/ijsem.0.001184,
Woeseia,FAN,aerotolerant,"Du et al., 2016",NA,https://www.microbiologyresearch.org/content/journal/ijsem/10.1099/ijsem.0.000683,
Acidibacter,OAN/MA,Unknown,Falag‡n & Johnson 2014,,,
Anaerobacillus,OAN/A/FAN,Unknown,Bergey's manual,NA,,
Ligilactobacillus,mixed,Unknown,"Zheng et al. 2020, Marta et al 2021",,,TRUE
Spirochaeta 2,OAN/FAN,Unknown,Bergey's Manual,Based on Spirochaeta,,
9M32,NA,Unknown,NA,NA,,
Amorphus,NA,Unknown,NA,NA,,
Asaccharospora,NA,Unknown,NA,NA,,
Bacteriovorax,NA,Unknown,,,,
BIyi10,NA,Unknown,NA,NA,,
Candidatus Alysiosphaera, ,Unknown,not in Bergey's,,,
Candidatus Aquirestis,NA,Unknown,NA,NA,,
Candidatus Hamiltonella,NA,Unknown,NA,NA,,
Candidatus Koribacter,NA,Unknown,NA,NA,,
Candidatus Nitrosoglobus,NA,Unknown,NA,NA,,
CL500-29 marine group, ,Unknown,not in Bergey's,,,
Falsochrobactrum,unknown,Unknown,Bergey's Manual,,,
Halobacteriovorax,NA,Unknown,NA,NA,,
Hylemonella,NA,Unknown,NA,NA,,
IMCC26207,NA,Unknown,NA,NA,,
KD3-10,NA,Unknown,NA,NA,,
Koukoulia,NA,Unknown,NA,NA,,
Lacunisphaera,NA,Unknown,NA,NA,,
LD29,NA,Unknown,NA,NA,,
Marinilutecoccus, ,Unknown,not in Bergey's,,,
Mycoplasma,unknown,Unknown,Bergey's Manual,,,
Oceanobacter,NA,Unknown,NA,NA,,
OM60(NOR5) clade,NA,Unknown,NA,NA,,
Pajaroellobacter,NA,Unknown,NA,NA,,
Peredibacter,NA,Unknown,NA,NA,,
Phormidesmis ANT.LACV5.1, ,Unknown,not in Bergey's,,,
Prevotellaceae NK3B31 group,NA,Unknown,NA,NA,,
Roseibacillus,NA,Unknown,NA,NA,,
Samsonia,NA,Unknown,NA,NA,,
SH-PL14, ,Unknown,not in Bergey's,,,
Sufflavibacter,NA,Unknown,NA,NA,,
Synechococcus CC9902, ,Unknown,not in Bergey's,,,
Tychonema CCAP 1459-11B, ,Unknown,NA,not in Bergey's,,
Wilmottia Ant-Ph58,NA,Unknown,NA,NA,,
Anaerocella,OAN,obligate anaerobe,"Abe et al., 2012",NA,https://www.jstage.jst.go.jp/article/jgam/58/6/58_405/_article,
Desulfitobacterium,OAN,obligate anaerobe,"Villemur et al., 2006",NA,https://academic.oup.com/femsre/article/30/5/706/2399023,
Jonquetella,OAN,obligate anaerobe,"Jumas-Bilak et al., 2007",NA,https://www.microbiologyresearch.org/content/journal/ijsem/10.1099/ijs.0.65213-0,
[Eubacterium] tenue group,OAN,obligate anaerobe,"Flaiz et al., 2024",,https://www.ncbi.nlm.nih.gov/pmc/articles/PMC10795377/,
[Ruminococcus] gnavus group,OAN,obligate anaerobe,"Bergey's Manual, Browne et al. 2016  (based on Ruminococcus)",,,
Alistipes,OAN,obligate anaerobe,Bergey's Manual,,,
Anaerocolumna,OAN,obligate anaerobe,Bergey's Manual,NA,,
Anaerosporobacter,OAN,obligate anaerobe,Jeong et al. 2007,Not in Bergey's,,
Caldicoprobacter,OAN,obligate anaerobe,Bergey's Manual,,,
Candidatus Arthromitus,OAN,obligate anaerobe,Schnupf et al. 2015,Not in Bergey's,,
Candidatus Soleaferrea,OAN,obligate anaerobe,Bergey's Manual,Based on Ruminococcaceae,,
Cellulosilyticum,OAN,obligate anaerobe,Cai & Dong 2010 Bergey's Manual,,,
Christensenellaceae R-7 group,OAN,obligate anaerobe,"Morotomi et al., 2012",,,
Clostridium sensu stricto 1,OAN,obligate anaerobe,Bergey's Manual (based on family Clostridiaceae),,,
Clostridium sensu stricto 13,OAN,obligate anaerobe,Bergey's Manual,Based on Clostridiaceae,,
Desulfonispora,OAN,obligate anaerobe,Bergey's Manual,NA,,
Desulfosporosinus,OAN,obligate anaerobe,Bergey's manual,NA,,
Epulopiscium,OAN,obligate anaerobe,Bergey's Manual,Based on Lachnospiraceae,,TRUE
Fibrobacter,OAN,obligate anaerobe,Bergey's Manual,NA,,
Fusobacterium,OAN,obligate anaerobe,Bergey's Manual,,,
Incertae Sedis,OAN,obligate anaerobe,Bergey's Manual,Based on Lachnospiraceae,,
Incertae Sedis,OAN,obligate anaerobe,"Bergey's Manual, Browne et al., 2016",Based on Ruminococcaceae,,
Intestinimonas,OAN,obligate anaerobe,Bergey's manual,,,
Lachnospiraceae NK4A136 group,OAN,obligate anaerobe,Bergey's Manual (based on family Lachnospiraceae),,,
Muribaculum,OAN,obligate anaerobe,Bergey's Manual,,,
Paeniclostridium,OAN,obligate anaerobe,Bergey's Manual,,,TRUE
Paludibacter,OAN,obligate anaerobe,Bergey's manual,NA,,
Papillibacter,OAN,obligate anaerobe,Bergey's Manual,,,
Parvimonas,OAN,obligate anaerobe,Bergey's Manual,NA,,
Pelosinus,OAN,obligate anaerobe,Shelobolina et al. 2007,,,
Pelospora,OAN,obligate anaerobe,Bergey's Manual,NA,,
Peptococcus,OAN,obligate anaerobe,Bergey's Manual,,,
Peptostreptococcus,OAN,obligate anaerobe,Bergey's Manual,NA,,
Proteiniphilum,OAN,obligate anaerobe,Bergey's manual,NA,,
Romboutsia,OAN,obligate anaerobe,Gerritsen et al. 2014,not in Bergey's,,
Ruminiclostridium,OAN,obligate anaerobe,Bergey's Manual,,,
Sedimentibacter,OAN,obligate anaerobe,Bergey's Manual,NA,,
Tissierella,OAN,obligate anaerobe,Bergey's Manual,,,
Tyzzerella,OAN,obligate anaerobe,Yutin & Galperin 2013,not in Bergey's,,
Branchiibius,unknown,Unknown,"Tomida et al., 2011",NA,https://www.sciencedirect.com/science/article/abs/pii/S0723202011001585?via%3Dihub,
Pseudopedobacter,unknown,Unknown,"Cao et al., 2014",NA,https://www.microbiologyresearch.org/content/journal/ijsem/10.1099/ijs.0.053991-0,
Salegentibacter,unknown,Unknown,"Yoon et al., 2017",NA,https://www.microbiologyresearch.org/content/journal/ijsem/10.1099/ijs.0.65253-0,
Sumerlaea,unknown,Unknown,"Kwon et al., 2007",,https://pubmed.ncbi.nlm.nih.gov/18051608/,
Campylobacter,Unknown,Unknown,Bergey's Manual,NA,,
Candidatus Amoebophilus,Unknown,Unknown,Bergey's Manual,NA,,
Candidatus Xiphinematobacter,Unknown,Unknown,Bergey's manual,NA,,
Chthonomonas,Unknown,Unknown,Bergey's manual,NA,,
Coxiella,Unknown,Unknown,Bergey's Manual,,,
Halobacillus,Unknown,Unknown,Bergey's Manual,NA,,
Leptothrix,Unknown,Unknown,Bergey's Manual,NA,,
Nitrosococcus,Unknown,Unknown,Bergey's Manual,NA,,
Nitrosomonas,Unknown,Unknown,Bergey's Manual,NA,,
Nitrosospira,Unknown,Unknown,Bergey's Manual,NA,,
Pandoraea,Unknown,Unknown,Bergey's Manual,NA,,
Rhodoferax,Unknown,Unknown,Bergey's manual,NA,,
Arenimonas,Unknown,Unknown,Not on Bergey's,,,
Candidatus Solibacter,Unknown,Unknown,Not on Bergey's,,,
Dongia,Unknown,Unknown,Not on Bergey's,,,
Moheibacter,Unknown,Unknown,Not on Bergey's,,,
Pseudochrobactrum,Unknown,Unknown,Bergey's manual,,,
Rheinheimera,Unknown,Unknown,Not on Bergey's,,,
Sphingorhabdus,Unknown,Unknown,Not on Bergey's,,,
Steroidobacter,Unknown,Unknown,Not on Bergey's,,,
Vulgatibacter,Unknown,Unknown,Not on Bergey's,,,
,,,,,,
,,,,,,
,,,,,,
,,,,,,
,,,,,,
,,,,,,
,,,,,,
,,,,,,
,,,,,,
,,,,,,
,,,,,,
,,,,,,
,,,,,,
,,,,,,
,,,,,,
,,,,,,
,,,,,,
,,,,,,
,,,,,,
,,,,,,
,,,,,,
,,,,,,
,,,,,,
,,,,,,
,,,,,,
,,,,,,
,,,,,,
,,,,,,
,,,,,,
,,,,,,
,,,,,,
,,,,,,
,,,,,,
,,,,,,
,,,,,,
,,,,,,
,,,,,,
,,,,,,
,,,,,,
,,,,,,
,,,,,,
,,,,,,
,,,,,,
,,,,,,
,,,,,,
,,,,,,
,,,,,,
,,,,,,
,,,,,,
,,,,,,
,,,,,,
,,,,,,
,,,,,,
,,,,,,
,,,,,,
,,,,,,
,,,,,,
,,,,,,
,,,,,,
,,,,,,
,,,,,,
,,,,,,
,,,,,,
,,,,,,
,,,,,,
,,,,,,
,,,,,,
,,,,,,
,,,,,,
,,,,,,
,,,,,,
,,,,,,
,,,,,,
,,,,,,
,,,,,,
,,,,,,
,,,,,,
,,,,,,
,,,,,,
,,,,,,
,,,,,,
,,,,,,
,,,,,,
,,,,,,
,,,,,,
,,,,,,
,,,,,,
,,,,,,
,,,,,,
,,,,,,
,,,,,,
,,,,,,
,,,,,,
,,,,,,
,,,,,,
,,,,,,
,,,,,,
,,,,,,
,,,,,,
,,,,,,
,,,,,,
,,,,,,
,,,,,,
,,,,,,
,,,,,,
,,,,,,
,,,,,,
,,,,,,
,,,,,,
,,,,,,
,,,,,,
,,,,,,
,,,,,,
,,,,,,
,,,,,,
,,,,,,
,,,,,,
,,,,,,
,,,,,,
,,,,,,
,,,,,,
,,,,,,
,,,,,,
,,,,,,
,,,,,,
,,,,,,
,,,,,,
,,,,,,
,,,,,,
,,,,,,
,,,,,,
,,,,,,
,,,,,,
,,,,,,
,,,,,,
,,,,,,
,,,,,,
,,,,,,
,,,,,,
,,,,,,
,,,,,,
,,,,,,
,,,,,,
,,,,,,
,,,,,,
,,,,,,
,,,,,,
,,,,,,
,,,,,,
,,,,,,
,,,,,,
,,,,,,
,,,,,,
,,,,,,
,,,,,,
,,,,,,
,,,,,,
,,,,,,
,,,,,,
,,,,,,
,,,,,,
,,,,,,
,,,,,,
,,,,,,
,,,,,,
,,,,,,
,,,,,,
,,,,,,
,,,,,,
,,,,,,
,,,,,,
,,,,,,
,,,,,,
,,,,,,
,,,,,,
,,,,,,
,,,,,,
,,,,,,
,,,,,,
,,,,,,
,,,,,,
,,,,,,
,,,,,,
,,,,,,
,,,,,,
,,,,,,
,,,,,,
,,,,,,
,,,,,,
,,,,,,
,,,,,,
,,,,,,
,,,,,,
,,,,,,
,,,,,,
,,,,,,
,,,,,,
,,,,,,
,,,,,,
,,,,,,
,,,,,,
,,,,,,
,,,,,,
,,,,,,
,,,,,,
,,,,,,
,,,,,,
,,,,,,
,,,,,,
,,,,,,
,,,,,,
,,,,,,
,,,,,,
,,,,,,
,,,,,,
,,,,,,
,,,,,,
,,,,,,
,,,,,,
,,,,,,
,,,,,,
,,,,,,
,,,,,,
,,,,,,
,,,,,,
,,,,,,
,,,,,,
,,,,,,
,,,,,,
,,,,,,
,,,,,,
,,,,,,
,,,,,,
,,,,,,
,,,,,,
,,,,,,
,,,,,,
,,,,,,
,,,,,,
,,,,,,
,,,,,,
,,,,,,
,,,,,,
,,,,,,
,,,,,,
,,,,,,
,,,,,,
,,,,,,
,,,,,,
,,,,,,
,,,,,,
,,,,,,
,,,,,,
,,,,,,
,,,,,,
,,,,,,
,,,,,,
,,,,,,
,,,,,,
,,,,,,
,,,,,,
,,,,,,
,,,,,,
,,,,,,
,,,,,,
,,,,,,
,,,,,,
,,,,,,
,,,,,,
,,,,,,
,,,,,,
,,,,,,
,,,,,,
,,,,,,
,,,,,,
,,,,,,
,,,,,,
,,,,,,
,,,,,,
,,,,,,
,,,,,,
,,,,,,
,,,,,,
,,,,,,
,,,,,,
,,,,,,
,,,,,,
,,,,,,
,,,,,,
,,,,,,
,,,,,,
,,,,,,
,,,,,,
,,,,,,
,,,,,,
,,,,,,
,,,,,,
,,,,,,
,,,,,,
,,,,,,
,,,,,,
,,,,,,
,,,,,,
,,,,,,
,,,,,,
,,,,,,
,,,,,,
,,,,,,
,,,,,,
,,,,,,
,,,,,,
,,,,,,
,,,,,,
,,,,,,
,,,,,,
,,,,,,
,,,,,,
,,,,,,
,,,,,,
,,,,,,
,,,,,,
,,,,,,
,,,,,,
,,,,,,
,,,,,,
,,,,,,
,,,,,,
,,,,,,
,,,,,,
,,,,,,
,,,,,,
,,,,,,
,,,,,,
,,,,,,
,,,,,,
,,,,,,
,,,,,,
,,,,,,
,,,,,,
,,,,,,
,,,,,,
,,,,,,
,,,,,,
,,,,,,
,,,,,,
,,,,,,
,,,,,,
,,,,,,
,,,,,,
,,,,,,
,,,,,,
,,,,,,
,,,,,,
,,,,,,
,,,,,,
,,,,,,
,,,,,,
,,,,,,
,,,,,,
,,,,,,
,,,,,,
,,,,,,
,,,,,,
,,,,,,
,,,,,,
,,,,,,
,,,,,,
,,,,,,
,,,,,,
,,,,,,
,,,,,,
,,,,,,
,,,,,,
,,,,,,
,,,,,,
,,,,,,
,,,,,,
,,,,,,
,,,,,,
,,,,,,
,,,,,,
,,,,,,
,,,,,,
,,,,,,
,,,,,,
,,,,,,
,,,,,,
,,,,,,
,,,,,,
,,,,,,
,,,,,,
,,,,,,
,,,,,,
,,,,,,
,,,,,,
,,,,,,
,,,,,,
,,,,,,
,,,,,,
,,,,,,
,,,,,,
,,,,,,
,,,,,,
,,,,,,
,,,,,,
,,,,,,
,,,,,,
,,,,,,
,,,,,,
,,,,,,
,,,,,,
,,,,,,
,,,,,,
,,,,,,
,,,,,,
,,,,,,
,,,,,,
,,,,,,
,,,,,,
,,,,,,
,,,,,,
,,,,,,
,,,,,,
,,,,,,
,,,,,,
,,,,,,
,,,,,,
,,,,,,
,,,,,,
,,,,,,
,,,,,,
,,,,,,
,,,,,,
,,,,,,
,,,,,,
,,,,,,
,,,,,,
,,,,,,
,,,,,,
,,,,,,
,,,,,,
,,,,,,
,,,,,,
,,,,,,
,,,,,,
,,,,,,
,,,,,,
,,,,,,
,,,,,,
,,,,,,
,,,,,,
,,,,,,
,,,,,,
,,,,,,
,,,,,,
,,,,,,
,,,,,,
,,,,,,
,,,,,,
,,,,,,
,,,,,,
,,,,,,
,,,,,,
,,,,,,
,,,,,,
,,,,,,
,,,,,,
,,,,,,
,,,,,,
,,,,,,
,,,,,,
,,,,,,
,,,,,,
,,,,,,
,,,,,,
,,,,,,
,,,,,,
,,,,,,
,,,,,,
,,,,,,
,,,,,,
,,,,,,
,,,,,,
,,,,,,
,,,,,,
,,,,,,
,,,,,,
,,,,,,
,,,,,,
,,,,,,
,,,,,,
,,,,,,
,,,,,,
,,,,,,
,,,,,,
,,,,,,
,,,,,,
,,,,,,